,/,tfidf,norm_line,norm_unit,chi2,lsa
/,1.0,0.0692034608381,0.632946946422,0.615856401635,0.0492602064209,0.5984220842
tfidf,0.0692034608381,1.0,0.0690447379608,0.0684842167353,0.299657772325,0.064274793441
norm_line,0.632946946422,0.0690447379608,1.0,0.624411202588,0.0474302787443,0.605096587845
norm_unit,0.615856401635,0.0684842167353,0.624411202588,1.0,0.0487534696824,0.589820365564
chi2,0.0492602064209,0.299657772325,0.0474302787443,0.0487534696824,1.0,0.0463850047039
lsa,0.5984220842,0.064274793441,0.605096587845,0.589820365564,0.0463850047039,1.0
