,/,tfidf,norm_line,norm_unit,chi2,lsa
/,1.0,0.320090886376,0.559840531199,0.569480815407,0.0380312532349,0.305283341697
tfidf,0.320090886376,1.0,0.396787949627,0.386959726375,0.0269304711935,0.527859516538
norm_line,0.559840531199,0.396787949627,1.0,0.681178244573,0.0497074147329,0.396311280297
norm_unit,0.569480815407,0.386959726375,0.681178244573,1.0,0.0509639340263,0.385361875076
chi2,0.0380312532349,0.0269304711935,0.0497074147329,0.0509639340263,1.0,0.0548660012286
lsa,0.305283341697,0.527859516538,0.396311280297,0.385361875076,0.0548660012286,1.0
